{"ONE_SEVEN_VISUALS":{"panelIndex":0,"seen":true},"FPS":{"x":94.0,"y":19.0,"panelIndex":1,"seen":true,"options":{"backgroundColor":{"value":1543767044,"chroma":true}}},"CPS":{"x":56.0,"y":76.0,"panelIndex":2,"seen":true,"options":{"rightClick":true,"lineColor":{"value":-7237231},"backgroundColor":{"value":1543767044,"chroma":true}}},"SBA":{"enabled":true,"panelIndex":25,"seen":true,"options":{"hideHealthBar":true,"zealotCounterExplosiveBowSupport":true,"zealotColorBoolean":true,"zealotColor":{"value":156631039},"minimumHotbarItemRarity":"very_special","hideSvenPupNametags":true,"ignoreItemFrameClicks":true,"hideBones":false,"preventMovementOnDeath":true,"onlyMineOresDeepCaverns":true,"onlyMineValuablesNether":true,"backpackPreviewAh":true,"cakeBagPreview":true,"doubleWarp":true,"warpAdvancedMode":true,"disableEndermanTeleportionEffect":true,"disableMagicalSoupMessages":true},"SBA_MANA_BAR_CHILD":{"x":39.0,"y":-29.0,"panelIndex":0,"seen":false},"SBA_MANA_TEXT_CHILD":{"x":39.0,"y":-33.0,"panelIndex":0,"seen":false},"SBA_HEALTH_BAR_CHILD":{"x":-39.0,"y":-29.0,"enabled":true,"panelIndex":0,"seen":false},"SBA_HEALTH_TEXT_CHILD":{"x":-40.0,"y":-33.0,"panelIndex":0,"seen":false},"SBA_DEFENSE_ICON_CHILD":{"x":124.0,"y":0.5,"panelIndex":0,"seen":false,"options":{"scale":"1.5"}},"SBA_DEFENSE_TEXT_CHILD":{"x":120.0,"y":-2.0,"panelIndex":0,"seen":false},"SBA_DEFENSE_PERCENTAGE_CHILD":{"position":"bottom_center_left","x":-14.0,"y":-113.0,"enabled":false,"panelIndex":0,"seen":false},"SBA_SPEED_TEXT_CHILD":{"position":"bottom_center_left","x":-122.86005,"y":0.5,"enabled":true,"panelIndex":0,"seen":false},"SBA_BIRCH_PARK_RAINMAKER_CHILD":{"x":1.0,"y":45.0,"panelIndex":0,"seen":false},"SBA_DARK_AUCTION_TIMER_CHILD":{"position":"topRight","x":1.0,"y":11.0,"panelIndex":0,"seen":false},"SBA_ENDSTONE_PROTECTOR_CHILD":{"x":39.0,"y":-1.0,"panelIndex":0,"seen":false},"skyblockAddonsMagmaTimer":{"position":"topRight","x":1.0,"y":28.0,"panelIndex":0,"seen":false,"options":{"showOnOtherGames":true}},"SBA_POWER_ORB_STATUS_CHILD":{"position":"middle_left","y":-35.5,"panelIndex":0,"seen":false,"options":{"detailed":true}},"SBA_BONE_DISPLAY_CHILD":{"x":-80.0,"y":26.0,"panelIndex":0,"seen":false},"SBA_SKILL_DISPLAY_CHILD":{"position":"bottom_center_left","x":32.0,"y":-58.5,"panelIndex":0,"seen":false,"options":{"textColor":{"value":-11141291}}},"SBA_SUMMONING_EYE_COUNTER_CHILD":{"position":"topLeft","y":46.0,"enabled":true,"panelIndex":0,"seen":false},"SBA_TICKER_CHARGES_DISPLAY_CHILD":{"position":"bottom_center_left","x":-100.0,"y":-35.0,"panelIndex":0,"seen":false},"SBA_ZEALOT_COUNTER_CHILD":{"y":14.0,"panelIndex":0,"seen":false},"SBA_ZEALOT_TOTAL_COUNTER_CHILD":{"y":-1.0,"enabled":true,"panelIndex":0,"seen":false},"SBA_ZEALOT_PER_EYE_CHILD":{"y":30.0,"enabled":true,"panelIndex":0,"seen":false},"SBA_BAIT_LIST_CHILD":{"y":40.0,"enabled":true,"panelIndex":0,"seen":false},"SBA_FEATURE_WARNING_CHILD":{"position":"middle_center","y":22.0,"enabled":true,"panelIndex":0,"seen":false},"zealot_kills":38},"TOGGLE_SNEAK":{"position":"topRight","x":1.0,"panelIndex":3,"seen":true,"options":{"flyBoostAmount":"8"}},"HYPIXEL_MOD":{"panelIndex":46,"seen":true,"options":{"autoGG":true,"levelHead":true}},"ARMORSTATUS":{"y":2.0,"panelIndex":5,"seen":false},"KEYSTROKES":{"x":56.0,"y":19.0,"panelIndex":4,"seen":true,"options":{"textShadow":true,"backgroundColor":{"value":1543767044,"chroma":true},"backgroundPressedColor":{"value":-1778384897}}},"COORDINATES":{"x":37.0,"y":95.0,"enabled":false,"panelIndex":7,"seen":true,"options":{"backgroundColor":{"value":1543767044,"chroma":true}}},"CROSSHAIR":{"panelIndex":6,"seen":true,"options":{"crosshairOutline":true,"crosshairSize":"3.0","crosshairGap":"2.0"}},"POTION_EFFECTS":{"y":0.5,"panelIndex":9,"seen":false},"DIRECTION_HUD":{"position":"bottomRight","x":0.5,"y":-3.5,"enabled":false,"panelIndex":11,"seen":true,"options":{"useLegacyStyle":true}},"WAYPOINTS":{"enabled":false,"panelIndex":10,"seen":true,"options":{"addWaypoint":"KEY_NONE"}},"SCOREBOARD":{"panelIndex":12,"seen":true,"options":{"backgroundColor":{"value":1543767044,"chroma":true}}},"PING":{"x":18.0,"y":19.0,"panelIndex":14,"seen":false,"options":{"backgroundColor":{"value":1543767044,"chroma":true}}},"FREELOOK":{"panelIndex":13,"seen":true},"MOTION_BLUR":{"panelIndex":16,"seen":true,"options":{"value":"3"}},"SCROLLABLE_TOOLTIPS":{"panelIndex":15,"seen":true},"UHC_OVERLAY":{"panelIndex":18,"seen":true,"options":{"goldIngotScale":"2.5","goldNuggetScale":"2.5","goldOreScale":"2.5","goldAppleScale":"2.5","skullScale":"2.5"}},"COOLDOWNS":{"position":"bottomLeft","x":301.0,"y":1.5,"panelIndex":19,"seen":true},"WORLDEDIT_CUI":{"panelIndex":21,"seen":false,"options":{"positionOneColor":{"value":-2080374529},"positionTwoColor":{"value":1795096576}}},"CLOCK":{"position":"topLeft","x":-1.0,"y":38.0,"panelIndex":20,"seen":false,"options":{"backgroundColor":{"value":1543767044,"chroma":true}}},"STOPWATCH":{"position":"topLeft","x":-1.0,"y":57.0,"panelIndex":30,"seen":true,"options":{"resetEveryStart":false,"backgroundColor":{"value":1543767044,"chroma":true}}},"MEMORY":{"position":"topLeft","x":113.0,"y":57.0,"panelIndex":23,"seen":false,"options":{"backgroundColor":{"value":1543767044,"chroma":true}}},"COMBO":{"position":"topLeft","x":113.0,"y":38.0,"panelIndex":26,"seen":true,"options":{"backgroundColor":{"value":1543767044,"chroma":true}}},"REACH_DISPLAY":{"x":52.0,"panelIndex":27,"seen":true,"options":{"backgroundColor":{"value":1543767044,"chroma":true}}},"TIME_CHANGER":{"enabled":false,"panelIndex":32,"seen":true,"options":{"timeChangerTime":"-6000","horizonYLevel":"0"}},"SERVER_ADDRESS":{"x":70.0,"y":66.0,"panelIndex":29,"seen":false,"options":{"backgroundColor":{"value":1543767044,"chroma":true}}},"ITEM_PHYSICS":{"panelIndex":38,"seen":true},"ITEM_TRACKER":{"y":69.0,"panelIndex":31,"seen":false,"options":{"textShadow":true,"skyblockOnly":true}},"SHINY_POTS":{"panelIndex":24,"seen":true,"options":{"coloredPotions":true}},"BLOCK_OUTLINE":{"panelIndex":28,"seen":true,"options":{"blockOutlineColor":{"value":-16733526},"blockOutlineWidth":"1.17","blockOverlay":true}},"SCREENSHOT":{"panelIndex":33,"seen":true},"FOV":{"panelIndex":36,"seen":true},"AUTO_TEXT_HOTKEY":{"enabled":true,"panelIndex":22,"seen":true,"options":{"1hotkey":{"text":"/warp crypt","1hotkey":"KEY_V","1hotkeyShift":false,"1hotkeyControl":false,"1hotkeyAlt":false}}},"MUMBLE_LINK":{"panelIndex":37,"seen":true},"BOSSBAR":{"x":1.0,"panelIndex":40,"seen":true},"TEAM_VIEW":{"enabled":false,"panelIndex":39,"seen":false}}