{
    "id": "011f6dd7-821a-4245-a8e7-3bd5d495c2e3",
    "name": "Minecraft 1.20.6",
    "description": "The “Trails & Tales Update” is the name given to the release of version 1.20 on June 7th, 2023. The update introduces a variety of new content including: new biomes, structures, and creatures such as the Cherry Grove biome, the Trail Ruins structure, and creatures such as the Sniffer and Camel. This update also includes new Smithing tables, allowing users to customize their armor trims!",
    "majorGameVersion": "1.20",
    "gameVersion": "1.20.6",
    "loaders": [
        "ichor",
        "fabric"
    ],
    "type": "lunar",
    "configVersion": 2,
    "lunar": {
        "module": "fabric"
    }
}