{"metaData":{"sentryFilteredExceptions":[{"identifier":"rpc-timeout","regex":"Timeout waiting for response .*"},{"identifier":"lcqt-1","regex":"unlocker\\.S\\.send"},{"identifier":"lcqt-2","regex":"Cannot invoke \\\"com\\.moonsworth\\.lunar\\.client\\.Obf\u0027d\\.Obf\u0027d\\.Obf\u0027d\\.Obf\u0027d\\.Obf\u0027d\\(com\\.google\\.gson\\.JsonObject, java\\.util\\.function\\.Predicate\\)\\\" because the return value of \\\"com\\.moonsworth\\.lunar\\.client\\.Obf\u0027d\\.Obf\u0027d\\.Obf\u0027d\\.Obf\u0027d\\(String\\)\\\" is null"},{"identifier":"solartweaks-1","regex":"com\\.solartweaks\\.engine\\.util\\.BoxElementFinder"},{"identifier":"disk-full-1","regex":"No space left on device"},{"identifier":"webp","regex":"java\\.lang\\.UnsatisfiedLinkError\\: \\\u0027int com\\.luciad\\.imageio\\.webp\\.WebP\\.getInfo\\(byte\\[\\]\\, int\\, int\\, int\\[\\]\\)\\\u0027"},{"identifier":"3dskins","regex":"HttpTexture is already uploaded \u0026 no cache file exists"},{"identifier":"disk-full-2","regex":"There is not enough space on the disk"},{"identifier":"lcqt-3","regex":"lcqt_getMethod"},{"identifier":"lcqt-4","regex":"Cannot invoke \"net\\.java\\.games\\.input\\.Component\\$Identifier\\$Button\\.getName\\(\\)\" because \"id\" is null"},{"identifier":"lcqt-5","regex":"io\\.github\\.nilsen84\\.lcqt\\.cosmetics\\.Proxy"},{"identifier":"found-attached-agents","regex":"Found attached agents"},{"identifier":"lcqt-6","regex":"io\\/github\\/nilsen84\\/lcqt\\/patches\\/ClassloaderPatch"}],"blogPosts":[{"title":"Mythical beasts","link":"https://store.lunarclient.com/?utm_source\u003dclient-game\u0026utm_medium\u003dblog-post\u0026utm_campaign\u003dlead","image":"https://launcherimages.lunarclientcdn.com/cdn-cgi/image/format\u003dwebp,width\u003d400,height\u003d170,dpr\u003d2/blogs/mythicalbeasts.png?hash\u003d1d92710e1fba0a48dbe42ef26dd22a37e37e9eb2"},{"title":"Recap #13","link":"https://youtu.be/P4UhTHRnz2M","image":"https://launcherimages.lunarclientcdn.com/cdn-cgi/image/format\u003dwebp,width\u003d400,height\u003d170,dpr\u003d2/blogs/recapapril25.png?hash\u003d6c3958ba9b43ca69a93dc794acb8dea23d9fae9d"},{"title":"Jams","link":"https://lunarclient.com/jams?utm_source\u003dclient-game\u0026utm_medium\u003dblog-post\u0026utm_campaign\u003dlead","image":"https://launcherimages.lunarclientcdn.com/cdn-cgi/image/format\u003dwebp,width\u003d400,height\u003d170,dpr\u003d2/blogs/jams-release.png?hash\u003dd67a2da0a0d5c2937780e3ab1ce71ee01a8ee2e4"}],"featureFlag":[{"identifier":"Trailer","value":false},{"identifier":"SentryIchorHandler","value":true},{"identifier":"LunarPlus","value":true},{"identifier":"DevSentryReportHandler","value":true},{"identifier":"BetaSentryReportHandler","value":true},{"identifier":"BetaSentryExceptionHandler","value":true},{"identifier":"BetaSentryEventBus","value":true},{"identifier":"showOptifineCapes","value":true},{"identifier":"DevSentryExceptionHandler","value":true},{"identifier":"DevSentryEventBus","value":true},{"identifier":"DevSentryIchorHandler","value":true},{"identifier":"mcstats","value":false},{"identifier":"YouTooz","value":false},{"identifier":"BetaSentryIchorHandler","value":true},{"identifier":"BetaSentryAuthHandler","value":false},{"identifier":"DevSentryAuthHandler","value":false},{"identifier":"SentryAuthHandler","value":false},{"identifier":"BetaSentryCosmeticsHandler","value":true},{"identifier":"DevSentryCosmeticsHandler","value":true},{"identifier":"SentryCosmeticsHandler","value":true},{"identifier":"SentryEventBus","value":true},{"identifier":"SentryExceptionHandler","value":true},{"identifier":"SentryReportHandler","value":true},{"identifier":"SentryTraceSampling","value":true},{"identifier":"ModMetadata","value":false},{"identifier":"tierTaggerAlternativeBackend","value":true},{"identifier":"TurboEngine","value":true},{"identifier":"TurboEntities","value":true},{"identifier":"Wrapped","value":false},{"identifier":"DiscordCTA","value":true},{"identifier":"aprilFoolsMainMenu","value":true},{"identifier":"aprilFoolsEntities","value":false}],"alert":{"colors":{"RED":{"default":"#59db4040","hover":"#80db4040"},"BLUE":{"default":"#592b71ce","hover":"#802b71ce"},"PURPLE":{"default":"#59800080","hover":"#80800080"},"TWITCH":{"default":"#596441a5","hover":"#806441a5"},"YOUTUBE":{"default":"#59c4302b","hover":"#80c4302b"},"DISCORD":{"default":"#597289da","hover":"#807289da"},"TWITTER":{"default":"#5900acee","hover":"#8000acee"},"YOUTOOZ":{"default":"#59ff467f","hover":"#80ff467f"}}},"modSettings":{"skyblockAddons":{"properties":{"disableEmberRod":false,"hidePlayersNearNPC":false,"ignoreItemFrameClicks":false,"avoidPlacingEnchantItems":false,"avoidBreakingStems":false,"preventMovementOnDeath":false,"craftingPatterns":false,"craftingPattern":false,"jungleAxeCooldown":false,"onlyMineOresDeepCaverns":false,"onlyMineValuablesNether":false,"doubleWarp":false,"onlyBreakLogsPark":false,"dontOpenProfilesWithBow":false}}},"langOverride":{},"links":{"wrapped":"https://wrapped.lunarclient.com/access/","store":"https://store.lunarclient.com/?utm_source\u003dclient-multiver\u0026utm_medium\u003dmain-menu","youtooz":"https://lunarclient.youtooz.com","trailer":"https://lunarclient.com/trailer"},"pinnedServers":[{"name":"Complex Gaming","ip":"lunar.mc-complex.com","removable":true,"versions":["1.8.9","1.8","1.12.2","1.12","1.16.5","1.16","1.17.1","1.17","1.18.1","1.18.2","1.18","1.19","1.19.2","1.19.3","1.19.4","1.20","1.20.1","1.20.2","1.20.3","1.20.4","1.21","1.21.1","1.21.2","1.21.3","1.21.4"],"expirationDate":-1},{"name":"Epic World","ip":"lunar.epicworld.gg","removable":true,"versions":["1.21.2","1.21.3","1.21.4","1.21.5"],"expirationDate":-1},{"name":"Wynncraft","ip":"lunar.wynncraft.com","removable":true,"versions":["1.20.5","1.21","1.21.2","1.21.3","1.21.4"],"expirationDate":-1}],"starServers":[{"pattern":"*.manacube.com"},{"pattern":"*.mchub.com"},{"pattern":"*.epicworld.gg"},{"pattern":"*.wildnetwork.net"},{"pattern":"*.wildprison.net"},{"pattern":"*.mccisland.net"},{"pattern":"*.oc.tc"},{"pattern":"*.enchantedmc.net"},{"pattern":"*.pvplegacy.net"},{"pattern":"*.mc-complex.com"},{"pattern":"*.minecadia.com"},{"pattern":"*.oplegends.com"},{"pattern":"*.shotbow.net"},{"pattern":"*.hoplite.gg"},{"pattern":"*.purpleprison.net"},{"pattern":"*.pokefind.co"},{"pattern":"*.wynncraft.com"},{"pattern":"*.craftok.fr"}],"clientSettings":{"GENERAL":{}},"serverIntegration":[{"ip":["shotbow.net","shotbow.com"],"modSettings":{"PARTICLE_CHANGER":{"enabled":false},"AUTO_TEXT_HOTKEY":{"enabled":false}}},{"ip":["hypixel.net","hypixel.io"],"brand":"Hypixel BungeeCord","modSettings":{"MINIMAP":{"enabled":false},"PARTICLE_CHANGER":{"properties":{"particleMod_footstep":"false"}},"AUTO_TEXT_HOTKEY":{"enabled":false},"FREELOOK":{"enabled":false}}},{"ip":["mccisland.net","mccisland.com","noxcrew.online"],"modSettings":{"PARTICLE_CHANGER":{"properties":{"PARTICLE_CHANGER_BLOCK_CHILD":"false"}},"DIRECTION_HUD":{"enabled":false},"WAYPOINTS":{"enabled":false},"TAB":{"enabled":false},"NICK_HIDER":{"enabled":false},"TIME_CHANGER":{"enabled":false},"TNT_COUNTDOWN":{"enabled":false},"FREELOOK":{"enabled":false},"SNAPLOOK":{"enabled":false}},"clientSettings":{"GENERAL":{"noxesiumCustomRenderType":true}}},{"ip":["mcc.noxcrew.com"],"modSettings":{"TAB":{"enabled":false}}},{"ip":["imaginefun.net","imagineeringfun.net","minecraftdisneyland.com"],"clientSettings":{"PERFORMANCE":{"turboEntityMode":false}}},{"ip":["playskyward.gg"],"clientSettings":{"PERFORMANCE":{"turboEntityMode":false}}},{"ip":["wynncraft.com"],"modSettings":{"BOSSBAR":{"properties":{"customBossBar":"false"}},"COORDINATES":{"enabled":false},"ARMORSTATUS":{"enabled":false},"POTION_EFFECTS":{"enabled":false},"DIRECTION_HUD":{"enabled":false}}}]}}