{"daily_stats":[{"date":"2024-06-15","melee_accuracy":{"successes":0,"failures":0},"hits_taken":{"count":0},"longest_combo":{"record":0},"wtap_accuracy":{"successes":0,"failures":0},"lost_health":{"value":126.0},"recovered_health":{"value":0.0},"gapples_used":{"count":0},"potions_used":{"count":0},"hunger_replenished":{"value":0.0},"bow_accuracy":{"successes":0,"failures":0},"rod_accuracy":{"successes":0,"failures":0},"eggs_and_snowballs_used":{"count":0},"pearls_used":{"count":0},"total_pearl_distance":{"value":0.0}},{"date":"2024-09-23","melee_accuracy":{"successes":0,"failures":0},"hits_taken":{"count":0},"longest_combo":{"record":0},"wtap_accuracy":{"successes":0,"failures":0},"lost_health":{"value":0.0},"recovered_health":{"value":0.0},"gapples_used":{"count":0},"potions_used":{"count":0},"hunger_replenished":{"value":0.0},"bow_accuracy":{"successes":0,"failures":0},"rod_accuracy":{"successes":0,"failures":0},"eggs_and_snowballs_used":{"count":0},"pearls_used":{"count":0},"total_pearl_distance":{"value":0.0}},{"date":"2024-06-22","melee_accuracy":{"successes":940,"failures":1638},"hits_taken":{"count":648},"longest_combo":{"record":72},"wtap_accuracy":{"successes":40,"failures":163},"lost_health":{"value":300.0484},"recovered_health":{"value":2101.1672},"gapples_used":{"count":9},"potions_used":{"count":17},"hunger_replenished":{"value":0.0},"bow_accuracy":{"successes":24,"failures":38},"rod_accuracy":{"successes":2,"failures":6},"eggs_and_snowballs_used":{"count":22},"pearls_used":{"count":8},"total_pearl_distance":{"value":0.0}},{"date":"2025-05-05","melee_accuracy":{"successes":0,"failures":0},"hits_taken":{"count":0},"longest_combo":{"record":0},"wtap_accuracy":{"successes":0,"failures":0},"lost_health":{"value":0.0},"recovered_health":{"value":0.0},"gapples_used":{"count":0},"potions_used":{"count":0},"hunger_replenished":{"value":0.0},"bow_accuracy":{"successes":0,"failures":0},"rod_accuracy":{"successes":0,"failures":0},"eggs_and_snowballs_used":{"count":0},"pearls_used":{"count":0},"total_pearl_distance":{"value":0.0}},{"date":"2025-06-04","melee_accuracy":{"successes":0,"failures":1},"hits_taken":{"count":0},"longest_combo":{"record":0},"wtap_accuracy":{"successes":0,"failures":1},"lost_health":{"value":0.0},"recovered_health":{"value":0.0},"gapples_used":{"count":0},"potions_used":{"count":0},"hunger_replenished":{"value":0.0},"bow_accuracy":{"successes":0,"failures":0},"rod_accuracy":{"successes":0,"failures":0},"eggs_and_snowballs_used":{"count":0},"pearls_used":{"count":0},"total_pearl_distance":{"value":0.0}},{"date":"2025-06-02","melee_accuracy":{"successes":1,"failures":13},"hits_taken":{"count":0},"longest_combo":{"record":0},"wtap_accuracy":{"successes":0,"failures":3},"lost_health":{"value":0.0},"recovered_health":{"value":4.333334},"gapples_used":{"count":0},"potions_used":{"count":0},"hunger_replenished":{"value":0.0},"bow_accuracy":{"successes":0,"failures":0},"rod_accuracy":{"successes":0,"failures":0},"eggs_and_snowballs_used":{"count":0},"pearls_used":{"count":0},"total_pearl_distance":{"value":0.0}},{"date":"2024-10-17","melee_accuracy":{"successes":0,"failures":1},"hits_taken":{"count":0},"longest_combo":{"record":0},"wtap_accuracy":{"successes":0,"failures":0},"lost_health":{"value":14.0},"recovered_health":{"value":28.0},"gapples_used":{"count":0},"potions_used":{"count":0},"hunger_replenished":{"value":0.0},"bow_accuracy":{"successes":0,"failures":0},"rod_accuracy":{"successes":0,"failures":0},"eggs_and_snowballs_used":{"count":0},"pearls_used":{"count":0},"total_pearl_distance":{"value":0.0}},{"date":"2025-04-16","melee_accuracy":{"successes":6,"failures":3},"hits_taken":{"count":0},"longest_combo":{"record":0},"wtap_accuracy":{"successes":3,"failures":1},"lost_health":{"value":28.0},"recovered_health":{"value":56.0},"gapples_used":{"count":0},"potions_used":{"count":0},"hunger_replenished":{"value":0.0},"bow_accuracy":{"successes":0,"failures":0},"rod_accuracy":{"successes":0,"failures":0},"eggs_and_snowballs_used":{"count":0},"pearls_used":{"count":0},"total_pearl_distance":{"value":0.0}}]}