{
	"profileSelectHistory": {
		"lunar": [
			{
				"time": 1748857857922,
				"version": "1.21.5",
				"module": "fabric",
				"profileId": "73fb2e0e-cb75-4107-b2ac-8ee048b90300"
			},
			{
				"time": 1748857850883,
				"version": "1.21.5",
				"module": "lunar-noOF",
				"profileId": "73fb2e0e-cb75-4107-b2ac-8ee048b90300"
			},
			{
				"time": 1744817143813,
				"version": "1.21",
				"module": "lunar-noOF",
				"profileId": "73fb2e0e-cb75-4107-b2ac-8ee048b90300"
			},
			{
				"time": 1744817142177,
				"version": "1.20.6",
				"module": "fabric",
				"profileId": "011f6dd7-821a-4245-a8e7-3bd5d495c2e3"
			},
			{
				"time": 1744817141391,
				"version": "1.18.2",
				"module": "fabric",
				"profileId": "6429377c-310e-4eb0-a0a7-e58f5c4de9eb"
			},
			{
				"time": 1744817140890,
				"version": "1.19.4",
				"module": "fabric",
				"profileId": "bf5c272c-6a4e-498d-9b4e-b9f5c4d0c258"
			},
			{
				"time": 1744817140429,
				"version": "1.20.6",
				"module": "fabric",
				"profileId": "011f6dd7-821a-4245-a8e7-3bd5d495c2e3"
			},
			{
				"time": 1744817134386,
				"version": "1.21",
				"module": "lunar-noOF",
				"profileId": "73fb2e0e-cb75-4107-b2ac-8ee048b90300"
			},
			{
				"time": 1744817133553,
				"version": "1.21",
				"module": "fabric",
				"profileId": "73fb2e0e-cb75-4107-b2ac-8ee048b90300"
			},
			{
				"time": 1744817133085,
				"version": "1.20.6",
				"module": "fabric",
				"profileId": "011f6dd7-821a-4245-a8e7-3bd5d495c2e3"
			}
		],
		"modrinth": [],
		"vanilla": []
	},
	"guestViewed": {},
	"__internal__": {
		"migrations": {
			"version": "3.3.9-ow"
		}
	},
	"terms": {
		"privacy": {
			"hash": "f435eebedcd104a5c0f33c626656201699c9b9e2",
			"updatedAt": "2025-05-05T00:00:00.000Z",
			"acceptedAt": "2025-06-04T13:56:11.443Z"
		},
		"terms": {
			"hash": "a18e6c2d775124808bfbdbc1ba9c01ab05fa6637",
			"updatedAt": "2025-05-14T00:00:00.000Z",
			"acceptedAt": "2025-06-04T13:56:11.443Z"
		}
	}
}