{
	"settings": {
		"allocatedMemory": 3072,
		"gameResolution": {
			"width": 854,
			"height": 480,
			"fullscreen": false
		},
		"language": "en_US",
		"afterLaunchAction": "HIDE",
		"advancedMode": false,
		"gameDirectory": "C:\\Users\\erich\\AppData\\Roaming\\.minecraft",
		"gameBranch": "master",
		"discordRichPresence": {
			"enabled": true,
			"hideWhenIdle": true
		},
		"gameProfile": "lunar-1.21",
		"launcherResolution": {
			"main": {
				"width": 1301,
				"height": 750
			},
			"mission-control": {
				"width": 1550,
				"height": 842
			}
		},
		"missionControl": {
			"position": {
				"x": 1913,
				"y": -166
			},
			"screen": 3887890426
		},
		"defaultScreenshotUploadPrivacy": 2,
		"incomingGiftPrivacy": 1,
		"wrappedLeaderboardVisibility": 1,
		"radio": {
			"playingVisibility": 1
		},
		"allowFriendRequests": true,
		"lastSeenVisibility": 1
	},
	"trackingIds": {
		"ga4": ""
	},
	"__internal__": {
		"migrations": {
			"version": "3.3.9-ow"
		}
	},
	"launcherResolutions": {
		"main": {
			"width": 1280,
			"height": 680
		}
	},
	"updater": {
		"channel": "latest-ow",
		"streamUrl": "https://launcherupdates.lunarclientcdn.com"
	},
	"views": {
		"versions": {
			"sort": "newest"
		}
	}
}