{"id":"d22b2bda-6830-48d9-9334-99a6f42cd6ed","name":"Minecraft 1.8.9","description":"The \"Bountiful Update\" is the name given to the release of version 1.8 on September 2nd, 2014. This update includes many new features such as a unique underwater dungeon, new mobs such as endermites, guardians, elder guardians, and rabbits. This update also included the introduction of armour stands and many enhancements to skins, such as the Alex model and jacket layers.","gameVersion":"1.8.9","type":"lunar","state":"saved","configVersion":2,"lunar":{"module":"lunar"},"loaders":["ichor"],"majorGameVersion":"1.8"}