{
    "id": "6429377c-310e-4eb0-a0a7-e58f5c4de9eb",
    "name": "Minecraft 1.18.2",
    "description": "The \"Caves & Cliffs: Part II Update\" is the name given to the release of version 1.18 on November 30th, 2021. This update finalized the overhaul of the overworld generation started in \"Part I\", with enormous caves, taller mountains, and many new biomes. This update also changed the height and depth of the world, allowing for some spectacular mountains and vast cave systems.",
    "majorGameVersion": "1.18",
    "gameVersion": "1.18.2",
    "loaders": [
        "ichor",
        "fabric"
    ],
    "type": "lunar",
    "configVersion": 2,
    "lunar": {
        "module": "fabric"
    }
}