{"version":10,"FPS":{"x":70.0,"y":46.0,"position":"topLeft"},"CPS":{"x":10.0,"y":103.0,"position":"topLeft"},"TOGGLE_SNEAK":{"TOGGLE_SNEAK_HUD_CHILD":{"x":10.0,"y":10.0,"position":"topRight"}},"HYPIXEL_BEDWARS":{"HYPIXEL_BEDWARS_HEIGHT_LIMIT_CHILD":{"y":140.0,"position":"topRight"},"HYPIXEL_BEDWARS_RESOURCE_COUNTER_CHILD":{"x":-115.0,"position":"topRight"},"HYPIXEL_BEDWARS_UPGRADE_DISPLAY_CHILD":{"excludedItems":[]}},"ARMORSTATUS":{"ARMORSTATUS_PROTECTION_CHILD":{"y":75.0,"position":"bottomRight"}},"KEYSTROKES":{"x":10.0,"y":46.0,"position":"topLeft"},"COORDINATES":{"x":10.0,"y":24.0,"position":"topLeft"},"CROSSHAIR":{"options":{"help_box_open":true},"custom_crosshair":"LCCH-1-AA"},"POTION_EFFECTS":{"x":10.0,"position":"middleLeft"},"DIRECTION_HUD":{"y":17.0,"position":"topCenter"},"PING":{"PING_HUD":{"x":70.0,"y":86.0,"position":"topLeft"}},"COOLDOWNS":{"x":-124.0,"position":"bottomCenterLeft"},"CLOCK":{"x":-10.0,"y":10.0,"position":"topRight"},"STOPWATCH":{"x":-10.0,"y":30.0,"position":"topRight"},"PLAYTIME":{"x":90.0,"y":46.0,"position":"topLeft"},"MEMORY":{"x":-10.0,"y":50.0,"position":"topRight"},"COMBO":{"x":-10.0,"y":90.0,"position":"topRight"},"REACH_DISPLAY":{"x":70.0,"y":106.0,"position":"topLeft"},"SERVER_ADDRESS":{"x":70.0,"y":66.0,"position":"topLeft"},"SATURATION":{"SATURATION_HUD_CHILD":{"x":-10.0,"y":70.0,"position":"topRight"}},"ITEM_TRACKER":{"x":10.0,"y":75.0,"position":"middleLeft"},"MOMENTUM":{"x":70.0,"y":46.0,"position":"topLeft"},"AUTO_TEXT_ACTIONS":{"actions":[]},"BOSSBAR":{"y":1.0,"position":"topCenter"},"FREELOOK":{"enabled":false},"PVP_INFO":{"PVP_INFO_MELEE_CHILD":{"x":50.0,"y":50.0,"position":"topRight"},"PVP_INFO_HEALTH_CHILD":{"x":50.0,"y":50.0,"position":"topRight"},"PVP_INFO_PROJECTILE_CHILD":{"x":50.0,"y":50.0,"position":"topRight"}},"SKYBLOCK":{"SKYBLOCK_HEALTH_HUD":{"enabled":false},"SKYBLOCK_MANA_HUD":{"enabled":false},"SKYBLOCK_KUUDRA_ARMOR_STACKS_HUD":{"enabled":false},"SKYBLOCK_DEF_HUD":{"enabled":false},"SKYBLOCK_SPEED_HUD":{"enabled":false},"SKYBLOCK_VISITOR_HUD":{"enabled":false},"ETHERWARP_PREVIEW":{"enabled":false},"SKYBLOCK_VISITOR_ALERT":{"enabled":false},"SKYBLOCK_RARITY_BACKGROUND":{"enabled":false},"SKYBLOCK_KUUDRA_ALERTS":{"enabled":false},"DUNGEON_WAYPOINTS":{"dungeonWaypoints":{}},"SKYBLOCK_LOCK_MOUSE":{"enabled":false}},"RADIO":{"options":{"volume":"80"}}}