{"id":"7ac1122c-4420-4ec8-8051-0dbd01f23cc7","name":"Minecraft 1.17.1","description":"The \"Caves & Cliffs: Part I Update\" is the name given to the release of version 1.17 on June 8th, 2021. This update started with changes made in world generation such as mountains, caves, ore veins, mineshafts, and strongholds. It also introduced many new biomes and mobs. These mobs include goats, axolotls, and the community-voted glow squid! The biome additions include Dripstone Caves, Lush Caves, and six new sub-biomes.","gameVersion":"1.17.1","type":"lunar","state":"saved","configVersion":2,"lunar":{"module":"fabric"},"loaders":["ichor","fabric"],"majorGameVersion":"1.17"}