{
    "id": "73fb2e0e-cb75-4107-b2ac-8ee048b90300",
    "name": "Minecraft 1.21",
    "description": "The \"Tricky Trials Update\" is the name given to the release of version 1.21 on June 13th, 2024. This update introduces a variety of gameplay changes such as: new structures, new mobs, new weapons, and new items. Some of these new features include: Trial Chambers (Structure), Breeze & Bogged (Mobs), Mace (Weapon) and Wind Charge (Item).",
    "majorGameVersion": "1.21",
    "gameVersion": "1.21.5",
    "loaders": [
        "ichor",
        "fabric"
    ],
    "type": "lunar",
    "configVersion": 2,
    "lunar": {
        "module": "fabric"
    }
}