{"jams":[{"id":4,"styngrId":"24071783-7969-497a-9e4e-1551621b82a9","name":"I got the power of flight, I move the speed of light","image":"https://musicassets.lunarclientprod.com/file/530149976ca0d29c19a2ec002d04508e.jpeg","song":"I Feel Alive","artist":"Jack Black","album":"A Minecraft Movie (Original Motion Picture Soundtrack)","durationMillis":14600,"copyrightSafe":false},{"id":5,"styngrId":"65d691b4-0f0d-4575-8c17-e93776f17774","name":"Cause I feel alive, I move mountains with my mind","image":"https://musicassets.lunarclientprod.com/file/530149976ca0d29c19a2ec002d04508e.jpeg","song":"I Feel Alive","artist":"Jack Black","album":"A Minecraft Movie (Original Motion Picture Soundtrack)","durationMillis":25050,"copyrightSafe":false},{"id":6,"styngrId":"3ba4289f-306e-41f7-b526-c683d034f01a","name":"La-la-la-lava. Ch-ch-ch-chicken. Steve\u0027s Lava Chicken, yeah it\u0027s tasty as hell","image":"https://musicassets.lunarclientprod.com/file/530149976ca0d29c19a2ec002d04508e.jpeg","song":"Lava Chicken","artist":"Jack Black","album":"A Minecraft Movie (Original Motion Picture Soundtrack)","durationMillis":17680,"copyrightSafe":false},{"id":7,"styngrId":"b91f1515-b01a-48d0-9d84-461cc1b2459d","name":"I needed some stuff with some bop in it","image":"https://musicassets.lunarclientprod.com/file/f60105ee3b8d64a54ac6ae43d0b1b944.jpeg","song":"Bop","artist":"DaBaby","album":"Kirk","durationMillis":13500,"copyrightSafe":false},{"id":8,"styngrId":"b90282a1-5589-4712-b89e-a7c41c9f577c","name":"Never gonna give you up, never gonna let you down","image":"https://musicassets.lunarclientprod.com/file/f40a3fcac04390f67758215eff3aaea2.jpeg","song":"Never Gonna Give You Up","artist":"Rick Astley","album":"The Best Of Me","durationMillis":19330,"copyrightSafe":false},{"id":9,"styngrId":"ac0c92c8-d11b-4885-a426-a0d5c639816c","name":"Wake me up before you go-go. Don\u0027t leave me hanging on like a yo-yo","image":"https://musicassets.lunarclientprod.com/file/8efa869c0609c64e942b59acdaf6c987.jpeg","song":"Wake Me Up Before You Go Go","artist":"Wham!","album":"Make It Big","durationMillis":20970,"copyrightSafe":false},{"id":10,"styngrId":"39ee69fa-9182-4441-8d34-228881173a29","name":"Whether you\u0027re a brother or whether you\u0027re a mother. You\u0027re stayin\u0027 alive","image":"https://musicassets.lunarclientprod.com/file/13483404429923e850d9048f1d7414dd.jpeg","song":"Stayin Alive","artist":"Bee Gees","album":"Greatest","durationMillis":25990,"copyrightSafe":false},{"id":11,"styngrId":"c91e6fcb-5911-40e0-8d91-d22d9ed8dbab","name":"Soulja Boy off in it, oh. Watch me crank it, watch me roll","image":"https://musicassets.lunarclientprod.com/file/69f25d939a6b8de1fd3eb3dc37f743ad.jpeg","song":"Crank That","artist":"Soulja Boy","album":"Souljaboytellem.com","durationMillis":14940,"copyrightSafe":false},{"id":12,"styngrId":"e60ba800-3efe-4fc8-b5f3-8180c6e78201","name":"I don\u0027t want no trouble and trouble don\u0027t want me","image":"https://musicassets.lunarclientprod.com/file/4f63c64a8ac528838bb61ede6ddc5bbe.jpeg","song":"We Fresh","artist":"Mannie Fresh","album":"The Mind Of Mannie Fresh","durationMillis":25490,"copyrightSafe":false},{"id":13,"styngrId":"5b4095b8-d4d3-4d77-929f-b5b1f25f5ade","name":"Another head aches, another heart breaks, I\u0027m so much older than I can take","image":"https://musicassets.lunarclientprod.com/file/e0361b0cbadbd6ff276370f62abfdc5c.jpeg","song":"All These Things That I\u0027ve Done","artist":"The Killers","album":"Direct Hits","durationMillis":22770,"copyrightSafe":false},{"id":78,"styngrId":"983c40ab-5ed8-4c6f-854e-80348941ef9f","name":"Ah Ha 1","image":"https://musicassets.lunarclientprod.com/file/c8ecc6d237b2ec755506c83ac473cb5b.png","song":"Ah Ha 1","artist":"Material Gurl","album":"https://soundstripe.com","durationMillis":15880,"copyrightSafe":false},{"id":14,"styngrId":"df362ae5-dd73-4095-98e7-0c0a8d572216","name":"Oh I feel good, oh I feel good","image":"https://musicassets.lunarclientprod.com/file/c3c116617aa22331f877f0b1780d9019.jpeg","song":"I Feel Good","artist":"2 Chainz","album":"Based On A T.R.U. Story (Deluxe)","durationMillis":10810,"copyrightSafe":false},{"id":79,"styngrId":"656064fd-b4c8-4d6f-9157-ba0e6780e747","name":"Tongue Tied","image":"https://musicassets.lunarclientprod.com/file/65938bb84f8d22340fd12ebcfc841932.png","song":"Tongue Tied","artist":"Eko","album":"https://soundstripe.com","durationMillis":15020,"copyrightSafe":false},{"id":15,"styngrId":"07ad9c9e-baca-4c9d-8cc4-fab6d9f0108b","name":"I\u0027d rather die than to listen to you, my DNA not for imitation","image":"https://musicassets.lunarclientprod.com/file/7a1f903f835f9801f99258e8f65d9dad.jpeg","song":"DNA.","artist":"Kendrick Lamar","album":"Damn.","durationMillis":22020,"copyrightSafe":false},{"id":80,"styngrId":"65a4f5df-0fe8-41d6-b52b-805f21f5e7c2","name":"Ah Ha 2","image":"https://musicassets.lunarclientprod.com/file/d17c7388a222183da69e89881617e448.png","song":"Ah Ha 2","artist":"Material Gurl","album":"https://soundstripe.com","durationMillis":15980,"copyrightSafe":false},{"id":16,"styngrId":"cc4e082b-cdf3-43e9-a6ab-74735a71c51b","name":"I got, I got, I got, I got loyalty, got royalty inside my DNA","image":"https://musicassets.lunarclientprod.com/file/7a1f903f835f9801f99258e8f65d9dad.jpeg","song":"Dna.","artist":"Kendrick Lamar","album":"Damn.","durationMillis":29120,"copyrightSafe":false},{"id":81,"styngrId":"f62009bd-9b98-4afa-a291-c4108a2ed97b","name":"Yuma","image":"https://musicassets.lunarclientprod.com/file/40e73866796ef63704f489c77af1ac62.png","song":"Yuma","artist":"Neon Beach","album":"https://soundstripe.com","durationMillis":21980,"copyrightSafe":false},{"id":17,"styngrId":"51470071-1480-4415-a83a-3f29185a381d","name":"Wanna look like me. Wanna be in demand, get booked like me","image":"https://musicassets.lunarclientprod.com/file/7ae5af5772be41a1505137ea9b100320.jpeg","song":"Barbie Tingz","artist":"Nicki Minaj","album":"Queen","durationMillis":27560,"copyrightSafe":false},{"id":82,"styngrId":"efa72075-d0a0-4e82-aba3-bcb8326cf367","name":"Break It","image":"https://musicassets.lunarclientprod.com/file/fc23d4fccb2317f2cfe9f1d6a4e06b64.png","song":"Break It","artist":"spouss","album":"https://soundstripe.com","durationMillis":13990,"copyrightSafe":false},{"id":18,"styngrId":"bf9bccaa-a149-433d-bfa2-cbce7c45cb7f","name":"That\u0027s on me, that\u0027s on me, I know","image":"https://musicassets.lunarclientprod.com/file/13a30fc6e0777874f0850bdb22a3d816.jpeg","song":"That\u0027s On Me","artist":"Mac Miller","album":"Circles","durationMillis":27970,"copyrightSafe":false},{"id":19,"styngrId":"fc5ddda2-e93d-4696-9064-eec5cff8c961","name":"Hold on, drink freely and holla at me if you need me","image":"https://musicassets.lunarclientprod.com/file/1f021f65324e8fdcd6815aa342a9f870.jpeg","song":"Enjoy Yourself","artist":"Pop Smoke","album":"Shoot For The Stars Aim For The Moon","durationMillis":17110,"copyrightSafe":false},{"id":20,"styngrId":"ff518aab-2166-4683-ae17-0b8fd216ea1a","name":"Just Can\u0027t Get Enough Instrumental","image":"https://musicassets.lunarclientprod.com/file/530149976ca0d29c19a2ec002d04508e.jpeg","song":"Just Can\u0027t Get Enough","artist":"Jamieson Shaw","album":"A Minecraft Movie (Original Motion Picture Soundtrack)","durationMillis":15980,"copyrightSafe":false},{"id":21,"styngrId":"9d8fea42-a20c-4b52-9521-056407498627","name":"I wanna be free, I wanna be free, ah","image":"https://musicassets.lunarclientprod.com/file/530149976ca0d29c19a2ec002d04508e.jpeg","song":"Change Song","artist":"Dayglow","album":"A Minecraft Movie (Original Motion Picture Soundtrack)","durationMillis":14570,"copyrightSafe":false},{"id":22,"styngrId":"d8d13c2f-220b-4527-903d-e077a065d66f","name":"I got no shelter in the driving rain, I got no lady to ease my pain","image":"https://musicassets.lunarclientprod.com/file/530149976ca0d29c19a2ec002d04508e.jpeg","song":"When I\u0027m Gone","artist":"Dirty Honey","album":"A Minecraft Movie (Original Motion Picture Soundtrack)","durationMillis":29980,"copyrightSafe":false}]}