{"id":"ca14d8b5-1ac8-4eda-a5f5-7732f08e4c2a","name":"Minecraft 1.7.10","description":"\"The Update that Changed the World\" is the name given to the release of version 1.7 on October 25th, 2013. This update includes many new features such as a new terrain generator, many new biomes and biome variations, new tree types, many new flowers, red sand, stained glass, and much more!","gameVersion":"1.7.10","type":"lunar","state":"saved","configVersion":2,"lunar":{"module":"lunar"},"loaders":["ichor"],"majorGameVersion":"1.7"}