{"bed_locations":{"mapping":{"0":"+X +Z","1":"+Z +X","2":"+Z -X","3":"-X +Z","4":"-X -Z","5":"-Z -X","6":"-Z +X","7":"+X -Z","Comment":"You can't actually change these numbers, this is just to make it easier for people editing this file","Comment1":"These numbers correspond to the index of each array","Comment2":"The first coordinate is the most important (greater), the second is the least important (lesser).","Comment3":"For example, X:-100,Z:-50 is '-X -Z' but X:50,Z:100 is '+Z +X'"},"default":["yellow","cyan","white","pink","gray","red","blue","green"],"fours_corner_default":["blue","blue","green","green","yellow","yellow","red","red"],"map":{"Dreamgrove":"fours_corner_default","Holmgang":"fours_corner_default","Invasion":"fours_corner_default","Jurassic":"fours_corner_default","Lectus":"fours_corner_default","SharkAttack":"fours_corner_default","Boardwalk":"fours_corner_default","Casita":["cyan","white","pink","gray","red","blue","green","yellow"],"Ironclad":["green","yellow","cyan","white","pink","gray","red","blue"],"Pavilion":["white","pink","gray","red","blue","green","yellow","cyan"],"Crypt":["green","yellow","cyan","white","pink","gray","red","blue"],"Acropolis":["pink","gray","red","blue","green","yellow","cyan","white"],"Boletum":["red","blue","blue","green","green","yellow","yellow","red"],"Graveship":["red","blue","blue","green","green","yellow","yellow","red"],"Gardens":["red","red","blue","blue","blue","blue","red","red"],"Entangle":["green","red","red","yellow","yellow","blue","blue","green"],"Kubo":["red","red","blue","blue","green","green","yellow","yellow"],"Paradox":["blue","blue","green","green","yellow","yellow","red","red"]},"modes":{"FOUR_THREE":["blue","green","green","yellow","yellow","red","red","blue"],"FOUR_FOUR":["blue","green","green","yellow","yellow","red","red","blue"],"TWO_FOUR":["blue","blue","blue","blue","red","red","red","red"],"EIGHT_TWO_VOIDLESS":["red","green","blue","yellow","pink","gray","cyan","white"],"FOUR_FOUR_VOIDLESS":["red","green","green","blue","blue","yellow","yellow","red"],"CASTLE":["red","red","red","red","blue","blue","blue","blue"]}},"build_heights":{"aqil":91,"lucky_rush":85,"polygon":94,"serenity":94,"dockyard":98,"mirage":87,"pavilion":98,"scorched_sands":93,"blossom":97,"deadwood":84,"harvest":84,"casita":94,"ironclad":88,"forest":121,"kubo":92,"paradox":85,"paladin":99,"daolong":91,"zen_plaza":84,"pharaoh":96,"artemis":97,"build_side":97,"pool_party":87,"deposit":82,"terminal":88,"frogiton":91,"stilted":81,"temple":107,"aquarium":111,"treenan":122,"eastwood":101,"invasion":116,"jurassic":95,"stonekeep":76,"lectus":91,"swashbuckle":86,"sandcastle":103,"archway":87,"ashore":95,"chained":91,"capture":122,"obelisk":115,"unturned":93,"carapace":95,"gingerbread":107,"catalyst":102,"hanging_gardens":108,"pharoah":108,"ruins":92,"lions_temple":104,"picnic":121,"frost":122,"cryptic":105,"gardens":102,"coastal":90,"horizon":101,"katsu":97,"hollow":89,"lighthouse":111,"solace":101,"airshow":101,"speedway":91,"glacier":106,"waterfall":101,"zarzul":115,"orchestra":107,"pernicious":91,"rooftop":92,"dragonstar":101,"amazon":94,"crogorm":124,"ashfire":121,"playground":101,"babylon":108,"crypt":96,"bio-hazard":96,"lotus":90,"sky_rise":91,"steampunk":100,"acropolis":101,"gateway":129,"siege":109,"lightstone":96,"orbit":97,"rise":97,"fort_doon":140,"fang_outpost":100,"toro":93,"inca":96,"cliffside":101,"rooted":96,"apollo":99,"relic":91,"extinction":96,"sky_festival":95,"graveship":124,"cascade":88,"enchanted":101,"easter_garden":99,"egg_run":99,"boletum":86,"holmgang":98,"planet_98":106,"dreamgrove":116,"shark_attack":95,"boardwalk":93,"meso":96,"aetius":95,"arcade":91,"arid":84,"bloom":100,"keep":62,"nebuc":106,"slumber":94,"vigilante":88,"harvesting":96,"lost_temple":92,"mystery":93,"nostalgia":97,"whiskers":88,"alaric":98,"ambush":102,"beeeee":102,"blitzen":111,"build_site":97,"bunnywars":100,"burrow":101,"comet":116,"darkened":82,"easter_basket":94,"egg_hunt":101,"fireplace":96,"frosted":91,"fruitbrawl":101,"gelato":81,"ghoulish":87,"grotto":101,"hell_temple":115,"impere":105,"infinite":89,"loft":83,"lotice":91,"lunarhouse":111,"meadow":81,"montipora":99,"mortuss":91,"nutcracker":99,"ominosity":124,"orchid":87,"orientwood":101,"pumpkin_bay":86,"raze":89,"sanctum":92,"santa's_rush":93,"scareshow":101,"screamway":91,"snowkeep":96,"snowy_square":96,"springtide":87,"steampumpkin":100,"sunflower":96,"sweet_wonderland":95,"symphonic":107,"tigris":107,"trick_or_yeet":95,"tuzi":92,"unchained":91,"urban_plaza":84,"usagi":97,"yue":102}}